feature,mz,mz max,mz min,mz std,rt,rt end,rt max,rt min,rt start,rt std,qc_cv_pct,d_ratio_pct,drift_r2,det_Dunn,det_French,det_LMU
FT-151,1088.6951060782058,1088.7596143680532,1088.630881136988,0.0330279363335156,1438.8803038529063,1444.1661421831948,1441.2777670267333,1436.5525669265598,1430.835098715389,1.1930280235989963,2.8116779608412332,80.06374879612501,0.49170680889842866,1.0,1.0,1.0
FT-217,1089.0287993120237,1089.0950065180127,1088.970820326633,0.030458456101534,1473.4388815633502,1483.5051296283675,1476.2821695524506,1470.872925663907,1466.9955052957894,1.2981758393010991,3.54587734677895,32.72122564366979,0.4894035858975032,1.0,0.9615384615384616,1.0
FT-134,1088.3568018363508,1088.4270703314248,1088.290582748391,0.0345227235842915,1473.517094540187,1482.6548940485163,1476.0500895172927,1470.3533129077691,1467.699538144199,1.4751542512680245,7.076577094268344,65.15604777967643,0.4669806651615811,1.0,0.9230769230769231,0.9615384615384616
FT-207,1034.6551417461487,1034.7125304192216,1034.5975891814644,0.0303605748289172,1455.50905041845,1469.479553565551,1457.2048275403458,1453.303311263696,1442.954649764501,1.045363518081707,1.8147864297325298,80.21804277415934,0.4556376615177048,1.0,1.0,1.0
FT-241,1083.3479141235127,1083.4274300384948,1083.284999164605,0.0411502899069144,1473.3785589320328,1482.4898161206963,1474.8711895611846,1471.0252971599662,1467.2716426849436,1.1772538924513325,5.7000312380012215,59.77005624222529,0.4376556290474549,1.0,1.0,1.0
FT-021,842.0756790432796,842.1224037031269,842.033147766642,0.0247411020790879,963.2789284715732,991.4065647125228,965.900100453346,960.78786884497,946.0247929199916,1.2723722014800722,0.39954140791501375,29.029081740967218,0.39216507533155015,1.0,1.0,1.0
FT-202,1033.9870057402484,1034.0472286109705,1033.928817254043,0.0317203756271548,1386.1519996372765,1394.7988818241977,1389.2728290402838,1383.1683020518017,1377.1626443129362,1.4789205614544831,3.493531709621211,75.07540272930694,0.3789683175734859,1.0,1.0,1.0
FT-027,944.1420067072388,944.1949828507568,944.0933831173212,0.0274536438076089,1013.8565207197244,1035.1988995593508,1016.3542223052108,1011.098491583856,998.5545121068548,1.2940592342849382,0.7319737814355484,33.85071378699703,0.35923955497127574,1.0,1.0,1.0
FT-024,944.6434806058312,944.698424554808,944.5961664284048,0.0273795383944055,1013.805438811442,1033.3746827166992,1016.416349113882,1011.063984934316,999.63219974352,1.2871316138365452,0.7121372087218304,30.127629524750745,0.3577408611108329,1.0,1.0,1.0
FT-218,945.1499525476456,945.200369387312,945.0988671251616,0.0260107210777758,1013.699714864276,1026.8376972364338,1016.5529087025468,1010.9159672784848,999.9756356944216,1.416637105738516,0.8783757468906805,32.61349291007594,0.3283588743984879,1.0,1.0,1.0
FT-175,844.0870342319306,844.1323782106103,844.0413754189648,0.024631739029111,962.9974510538884,978.5761512080348,965.591399884148,960.298923399465,948.8306583935764,1.3765320185913352,1.2426869093630586,58.991710983137104,0.3019595195006111,1.0,1.0,1.0
FT-102,1295.3371125063638,1295.4121806158155,1295.2703518474862,0.0390429682024521,1284.5115125888428,1294.5797058843823,1286.76247199753,1282.1484267015423,1273.3225453284513,1.1385088817335398,1.1894984901700334,72.42675542952584,0.29512317846228153,1.0,1.0,1.0
FT-020,842.5773942493681,842.624259465518,842.5350038070779,0.0247858919562459,963.3235892455184,994.1845837268208,966.0232942432688,960.7144273833812,947.501450842558,1.2969596479291814,0.5457316639479799,37.580211979340255,0.27648876047990334,1.0,1.0,1.0
FT-089,1233.2816716646137,1233.3544547572506,1233.2180624334412,0.0354944446073147,1299.4896330327,1318.851755163174,1301.5338470303554,1296.9599185364402,1284.7912920438337,1.2163430138721094,0.8668338484627768,52.398682541624254,0.2737500352741419,1.0,1.0,1.0
FT-237,1034.9881000850553,1035.0498298584166,1034.933521063501,0.0298679283561603,1455.4754033806444,1468.5007572174063,1457.4421390509146,1453.3524117623429,1442.3543914159118,0.996514613389124,2.002267347077611,78.95178511903782,0.27107084969603656,1.0,1.0,1.0
FT-201,1560.0025678909035,1560.0923396222902,1559.9118780120905,0.0482189961015412,1385.9591274494428,1395.7667957652686,1388.5420000753802,1383.4854303484206,1375.953470205332,1.22676144180058,7.929007489846515,82.18084299070486,0.26474719197739016,0.9629629629629629,0.9615384615384616,0.9615384615384616
FT-226,815.1931200400654,815.2369274905478,815.1512909790769,0.0235253767613145,1257.978548513949,1271.0305211315415,1260.1923474812538,1255.2972656249676,1246.223995783555,1.3002026551407582,1.6536517066014886,80.72567443667845,0.2563019531891509,1.0,1.0,1.0
FT-205,1559.5079808864853,1559.593122537758,1559.4291321157314,0.0434378052259568,1385.8104858293589,1396.1924584706642,1388.2480646536085,1383.251170625242,1375.8304738998434,1.2375875733611723,3.6329824026531385,62.64447082937738,0.2550797389496347,1.0,1.0,1.0
FT-056,1178.2689676482953,1178.3381296315554,1178.209676243099,0.0346187918603327,1244.9133772041282,1263.400026280825,1247.491725418386,1242.276386378739,1231.3467261131775,1.2773380949643511,0.8721834758766488,73.19969653342348,0.25207166100279277,1.0,1.0,1.0
FT-192,1068.7037715820934,1068.7709537862363,1068.644656968828,0.0326297049075302,1157.8147203461158,1163.3792711145747,1159.779912946269,1155.301746795193,1149.5256244435009,1.1713404979799975,3.4958930199198455,90.0365315895354,0.24938571123238934,1.0,1.0,1.0
FT-078,1077.205728818574,1077.2697492713137,1077.1507175425947,0.0315129711684634,1164.9081193819106,1176.015186999219,1167.311426224721,1162.4987461160683,1152.201798220714,1.193687829900949,1.1774213496615102,91.91704969072406,0.24349123315520071,1.0,1.0,1.0
FT-030,943.6407760815548,943.6939445363817,943.5907638447396,0.0278931269507372,1013.782160621757,1034.6732477987937,1016.3046768281488,1011.0867446353868,997.308114574802,1.3509453587603917,0.7894831960757004,37.57835341202724,0.234540983907471,1.0,1.0,1.0
FT-242,1083.0169631809986,1083.0848216619854,1082.950362254375,0.0368602131796223,1422.690822712629,1429.628389935163,1425.145367036958,1420.289303760063,1413.690671698993,1.3914501278972984,4.470507407977618,52.39055308965468,0.2320035224879733,0.8888888888888888,1.0,1.0
FT-200,1039.6606356714726,1039.7152117448236,1039.609987920612,0.0285971293977563,1386.5689310879638,1396.528175354006,1389.322205274966,1383.8648933908498,1377.2603266789347,1.358794537316638,4.296743303023578,73.93957456022,0.22943442834606856,1.0,1.0,1.0
FT-195,1077.708774786632,1077.7732844734803,1077.6548450786415,0.0305915600535078,1164.8240522057135,1175.084413340395,1166.9203041317107,1162.488701920126,1152.544404150735,1.1655651972698904,1.714567946138895,99.31005471009662,0.22668059039419147,1.0,1.0,1.0
FT-189,931.123020951668,931.1758625779664,931.0750071035604,0.0263774599815897,1117.150900959169,1132.9164165454893,1119.9402594800786,1114.513782416522,1107.106961260784,1.384524676638368,0.9991479984301815,60.36926165610254,0.19516324655812273,1.0,1.0,1.0
FT-075,1076.704086348371,1076.7659052150043,1076.6508631728868,0.0303673983692482,1165.0016465840235,1176.4046223958326,1167.1510336308895,1162.5396325060522,1152.5668176015192,1.1153635458279254,1.3862800654773142,98.57148944138531,0.18479409105048777,1.0,1.0,1.0
FT-005,886.6324598613013,886.683374655879,886.5806672354295,0.0260289685536768,609.4612894305731,638.0671635917994,612.0676440481267,606.7118780336342,593.3752149084339,1.2871308303822482,1.3444508931914254,53.2942801526051,0.17520433226150442,1.0,1.0,1.0
FT-016,870.5947196667247,870.6445532838661,870.5511700239324,0.0252234482417843,967.2980513141862,982.65905206854,969.9481957866528,964.4931277655786,954.9833971803866,1.317019050732212,1.1857090080272106,33.85587799718118,0.17470690111889464,1.0,1.0,1.0
FT-168,1336.3262451050714,1336.405389862383,1336.2566589899025,0.0391003658010661,1551.2877356272045,1571.0304137199175,1553.9989897891342,1548.747391469725,1537.806266046342,1.2870543607151437,1.6856549057603027,41.55986855671349,0.17136647161029603,1.0,1.0,1.0
FT-186,931.6243046494036,931.6784901191336,931.5809314937704,0.0274414767123745,1102.186769188893,1106.829634834741,1104.5947650644134,1099.0703438301748,1094.5528271619044,1.4732397071044796,4.234914431557488,22.42443144679853,0.1558737469755272,1.0,0.8461538461538461,1.0
FT-231,1617.0940780665944,1617.1847382877168,1616.99771246037,0.0467831616732671,1121.0916356070506,1137.366105013117,1123.9482234616291,1118.300088291527,1106.5071899946356,1.4566489118648474,4.266860986104607,53.77069470492767,0.15308336739601933,1.0,1.0,1.0
FT-065,1149.7477835102598,1149.8144632764945,1149.685681984192,0.0325078453702678,1279.935188473766,1290.790366661261,1282.5930344589017,1277.339259704826,1271.8166430403594,1.2261011409371214,2.4493838874973024,59.893395756602615,0.15151037875237644,1.0,1.0,1.0
FT-227,815.5263145478614,815.5720124399368,815.4833781251697,0.0234497161485411,1257.9480855586548,1270.610866815275,1259.5108106778086,1255.372326819194,1246.8639153493934,1.1653434695229583,1.6000346439808202,89.57533162574089,0.1442265996711414,1.0,1.0,1.0
FT-040,1024.6859401518484,1024.745883352035,1024.635571164931,0.0299810881909713,1107.6170160866384,1125.2454211495194,1110.1572639572094,1104.5491052697555,1102.7951743386006,1.4042236421118546,1.5499919244606537,90.04719389187282,0.14358613666327177,1.0,1.0,1.0
FT-105,1222.2792600253013,1222.3523829534292,1222.2154645351295,0.0356384043734069,1300.11549170832,1340.2901754940272,1302.463122605168,1297.468351311746,1283.18202748018,1.2617595384120577,0.44143769458449855,76.7635030745315,0.13394835054340598,1.0,1.0,1.0
FT-120,1558.9989797646351,1559.0842363807174,1558.920019528133,0.044886920178662,1386.1476473421424,1396.046158381872,1388.6361896759065,1383.3754083622428,1376.375687190463,1.270025774274783,7.323500176275555,82.2245721429867,0.13281542269299562,0.9629629629629629,1.0,0.9615384615384616
FT-072,1252.819559504331,1252.8923288346316,1252.7474352137208,0.0360234419531445,1252.123154423304,1259.34100136828,1254.3494914890537,1249.7181801223417,1244.226415264071,1.2333870429369769,2.587825977829961,64.2698138020724,0.13136875614293,1.0,1.0,1.0
FT-234,1297.3438707330265,1297.41780999526,1297.2834308267838,0.035936390989363,1326.1469761141468,1339.8936870180316,1328.3423882735617,1323.7863328692615,1309.1371917724628,1.0893447788281685,1.4317523511952366,92.2519232052051,0.12359564322272729,1.0,1.0,1.0
FT-068,1150.2524730526775,1150.3175604084613,1150.188700028146,0.0330723340888498,1279.7884240559065,1291.1614973466476,1282.297445204404,1277.0675088026385,1271.432436429538,1.252126286661389,1.9177588335573632,43.904423738209026,0.1192092831065729,1.0,1.0,1.0
FT-170,1335.8228921318928,1335.9020610217854,1335.7547405936011,0.0383352462187882,1551.4213307481,1575.553642272948,1553.910653186191,1548.7607078924857,1537.0798873901392,1.2195413220166411,1.711880809256897,45.24004482906895,0.11713749079135526,1.0,1.0,1.0
FT-179,728.4969707230775,728.5374900581327,728.4606010611253,0.0212811240501545,1014.0492700576092,1031.0792793022397,1016.8041164703352,1011.1718983749886,1001.4421236646056,1.3515994807877785,1.3897593138170323,90.7607957102176,0.11566782276964342,1.0,1.0,1.0
FT-178,1455.998949997305,1456.082154844198,1455.926444513204,0.041233206473815,1013.726434598975,1028.9705747968685,1016.3456457697848,1011.168015919862,1000.145713291808,1.295076577039198,2.2963231248743594,60.45825755553894,0.11452403828064096,1.0,1.0,1.0
FT-155,1266.2831822007336,1266.3496637437588,1266.2194012278928,0.0351803559518064,1499.1248349190344,1514.2912847345538,1501.8993996529623,1496.2190622803143,1483.236571225258,1.3516557316872444,1.907795050950642,93.34769244974322,0.11277599304731352,1.0,1.0,1.0
FT-176,871.0972026876352,871.1464497877009,871.0521433276865,0.0261144448367921,967.075674195556,981.0014984824444,969.5888018377036,964.5575877934904,954.5241061123936,1.1831890005084889,1.4848806447317342,42.46650542627701,0.10266583833105962,1.0,1.0,1.0
FT-026,727.9951742528884,728.0375875622003,727.9575827820195,0.0214790515447573,1014.168080213055,1032.1152803172229,1016.9923818887036,1011.3062294193828,999.9946789119542,1.3691867366597237,1.3725465190905985,93.66040102603453,0.0983142608542252,1.0,1.0,1.0
FT-177,1372.9222666552944,1373.0044393277417,1372.8475550406097,0.0419239569538517,1005.5678939773716,1014.2933441162128,1009.3238316986228,1001.3395867388192,999.7053329467792,2.0632318308477204,12.24635833164471,50.75522274508386,0.09366711992232538,0.9629629629629629,0.8076923076923077,0.7307692307692307
FT-057,1179.2722036799555,1179.3415370035414,1179.2139907053818,0.0342749572089302,1244.832670568563,1260.2540539156994,1247.2750431006125,1242.2433003120475,1231.9048456991884,1.2191820975445251,0.9933198314955981,85.12572769900585,0.09362939138681994,1.0,1.0,1.0
FT-077,1077.705946239623,1077.768563445372,1077.6520562041094,0.0312999075267044,1212.451251396288,1244.5920870381033,1214.768238466988,1209.9249993158323,1196.2741310365736,1.2097870013554028,0.4713189809615101,79.16009194956338,0.09099122627082805,1.0,1.0,1.0
FT-095,1296.8385481999308,1296.9145054717983,1296.7740241235522,0.036768193553219,1325.9004245551305,1343.095463462498,1328.046641465988,1323.3579718833523,1306.2086665112035,1.192316158113339,1.0808389813914616,64.09814118691621,0.08753921510369359,1.0,1.0,1.0
FT-006,887.6403722304062,887.6915980212889,887.5931182401197,0.0264112827320949,609.3874587233016,637.95713424683,612.0491366757302,606.703800297612,594.2041830964115,1.275730582215387,1.6553315454435484,55.033069783323754,0.08046176045194253,1.0,1.0,1.0
FT-034,924.6284568794596,924.682414112093,924.5817555901798,0.0263176047659261,1071.194488617538,1086.3274333241209,1073.7937312742429,1068.6907211707253,1064.7380309052537,1.2846760771846035,1.0990183809709075,62.92453946635484,0.07283835020408749,1.0,1.0,1.0
FT-148,1633.0433891731236,1633.1408675210662,1632.9657943151262,0.0455721833872696,1473.397159852177,1482.8077298944656,1475.3327389874703,1471.072093996486,1466.4682648398627,1.0908347103613008,14.733909019311067,77.79272043089422,0.07256103337928578,0.9629629629629629,0.9230769230769231,0.9230769230769231
FT-115,1151.2577144686827,1151.3262326936172,1151.1904885859722,0.0345722197950819,1279.5426959634483,1288.5432278668477,1281.9849407416823,1276.8114177037737,1271.368124220108,1.3332454669452618,3.725849401867579,56.457206723154904,0.0718233248379191,1.0,1.0,1.0
FT-141,1223.2951510470548,1223.3681626700757,1223.2234845613689,0.0370316368547799,1273.6834926002612,1281.6057439004244,1276.2935617830008,1270.7086517721582,1268.6967123708414,1.306203097319729,17.11457871145962,95.86896242220992,0.07103023787854483,1.0,0.9615384615384616,1.0
FT-228,1618.0944863886548,1618.192836077746,1618.0103252971178,0.0474912638140451,1121.2716800177573,1134.893977078523,1123.7690728640036,1118.6476203191232,1106.596914117983,1.2163968224129416,8.265446455873853,91.77703708311098,0.06579093987235783,1.0,1.0,0.9615384615384616
FT-187,931.6249044842097,931.6794619563228,931.5717895491504,0.0272151232804482,1117.1180883829777,1133.3014284331186,1119.8573127218217,1114.319571095626,1106.9318692437553,1.3574661876097962,1.544601238564551,84.1308304926109,0.06501479562103656,1.0,1.0,1.0
FT-002,889.6499309783783,889.7022159640214,889.6015469549808,0.0255523760494532,609.0997423566134,627.7172511456954,611.7465009922388,606.4265533909693,596.7890463679698,1.324647395195849,2.3416550586444758,56.99212789861379,0.0620566745521763,1.0,1.0,1.0
FT-232,1151.7625057823254,1151.8278132907371,1151.7003322838043,0.0337363777691751,1245.2407794332655,1258.885828041167,1247.7170349348398,1242.597248836875,1232.0764022275648,1.318578168780149,0.7730196102268503,40.31182446205974,0.06091726424602153,1.0,1.0,1.0
FT-039,1024.6867091528734,1024.7462095090473,1024.6320318882358,0.0302468395928712,1095.258554693031,1102.7683739040208,1097.9305754275408,1092.8018718375124,1078.4275768114187,1.280644822824388,0.7386819152497128,62.39416844595037,0.060799436727039684,1.0,1.0,1.0
FT-118,1560.0017940800249,1560.090017053007,1559.919869866818,0.0433290812359491,1455.4088624671206,1469.8380283733015,1457.1646166902804,1453.1566235223015,1441.8293720287295,1.0131394302246124,6.375336285554422,37.39316607501584,0.060679064472186295,0.9629629629629629,1.0,0.9230769230769231
FT-045,923.1220202532094,923.1748329305268,923.0750959305832,0.026666860202454,1071.5859281352352,1095.0634189274017,1074.300955170282,1068.7521554752243,1064.7794972295344,1.329186310317866,0.6390645254074284,52.33801653468031,0.05967975102768802,1.0,1.0,1.0
FT-004,888.6453654740943,888.696941107057,888.6002022302245,0.0261611624589508,609.2556518766722,632.996441523236,612.0087323125949,606.7788089451603,595.4616877237953,1.2546838991479563,2.025168498239066,57.05589786086005,0.05960150462626758,1.0,1.0,1.0
FT-035,924.1258165788284,924.180160162224,924.0777586734384,0.0272409259607433,1057.66078474932,1064.7259970025725,1060.338482301454,1055.0311780453726,1043.0294036865268,1.2380418932721453,0.690120345256633,50.24859471222912,0.05511974773155482,1.0,1.0,1.0
FT-180,1846.2712907601397,1846.3774994429132,1846.1786216070363,0.0533862657772983,1057.5333992700469,1063.1384947133608,1060.249283829451,1054.8385991324435,1047.2597561326115,1.3137241358138774,15.832511715547716,64.14257309722838,0.05073009205184663,0.9259259259259259,1.0,0.8846153846153846
FT-233,1179.778005634704,1179.8471969424174,1179.7162683397833,0.0348061923921688,1244.6512806591527,1258.3621313912536,1247.0162825638563,1242.1525013996577,1231.8023332868306,1.2082635774533983,0.804264746743469,64.68651397459631,0.04790982630680562,1.0,1.0,1.0
FT-144,1632.5484775521786,1632.6461105251813,1632.4546442621267,0.0466912860728051,1473.171101763048,1482.4374332428004,1475.4512352411034,1470.6162300679728,1466.381916046143,1.1104967430642156,12.629959808101725,83.38126902286265,0.04768282668496398,0.9629629629629629,0.9615384615384616,0.9230769230769231
FT-191,996.1601236401428,996.2186492772656,996.110795668755,0.0284715935311538,1136.386402786609,1153.94223276774,1138.371931479331,1134.0748031589246,1126.063989003498,1.108437168086034,0.8331202025802418,87.51919378206681,0.04723275171310076,1.0,1.0,1.0
FT-049,1097.2225774589213,1097.2878628497194,1097.1653132091003,0.0314364831833364,1176.9292956095635,1192.3969943706786,1179.3552542462571,1174.287214808062,1163.250109913586,1.1924514707526237,0.9556392311509089,38.585308030644775,0.04664221284153226,1.0,1.0,1.0
FT-044,923.1212556300736,923.1751342108996,923.074014873022,0.026964574266534,1057.6205174785268,1064.765986981599,1060.2868398891017,1054.9388995609593,1041.2142873846992,1.2744490931735233,0.4777143944783724,40.63756114460394,0.04644327260704934,1.0,1.0,1.0
FT-031,923.62339275087,923.6774627241764,923.5744842259206,0.02721365046968,1057.5964004037503,1064.684185028079,1059.8854968782284,1054.9518501192424,1041.547487894696,1.2154796227379434,0.46871934321783565,38.228789105394604,0.042492663989438836,1.0,1.0,1.0
FT-098,1234.285360466548,1234.3584080913142,1234.2175489976564,0.0355276090628736,1298.978903962394,1315.1444068651524,1301.099355556177,1296.7371931063972,1285.3820376449771,1.0487614830989662,1.959315589887319,84.5591602457539,0.03876931311009589,1.0,1.0,1.0
FT-093,1233.7846794103978,1233.854648992817,1233.7185235688678,0.0352441991492743,1299.2759946740543,1319.445562362675,1301.19133468601,1296.8841705286684,1284.2519822328006,1.1438939901940073,1.0922544074045706,74.90883338100215,0.038386868122584974,1.0,1.0,1.0
FT-196,1079.2166019688184,1079.2799026126334,1079.1624727504054,0.0309298310255249,1212.162690219896,1228.1000091217345,1214.808575306565,1209.5278179587426,1198.610527541609,1.2535770652518865,0.7239012467348818,60.29849015089602,0.037942237186207095,1.0,1.0,1.0
FT-023,1373.9225103480585,1374.0029575632857,1373.8540674237456,0.0405870910542427,980.4212867734888,997.417253063569,983.3517791601566,977.5795583957146,968.2150490053244,1.401590404635891,2.072499098768788,76.78284271450622,0.037707697942863015,1.0,1.0,1.0
FT-029,1845.2657451181792,1845.3735977845588,1845.168910499205,0.0528826872786653,1070.965956893128,1085.9088605244974,1073.2973908373,1068.1964103160765,1063.1140670776354,1.2396830023498544,18.506350674534694,98.76413668711427,0.0371735822256449,0.9629629629629629,1.0,0.9230769230769231
FT-214,1560.5106879252833,1560.603218971056,1560.4389892318009,0.0469938642049179,1455.2785186733047,1469.0251868111725,1457.2718004475466,1453.2646538510369,1442.4326360793343,1.0442360641897566,7.7970125474001515,52.482322447312626,0.03533961206057639,0.9629629629629629,1.0,0.9615384615384616
FT-248,925.1361960129163,925.1837228035912,925.0919226799238,0.0243451612151024,1057.851741314575,1064.927979546626,1060.4905075149256,1055.485902411153,1046.1234902046797,1.3621188340795582,1.0910833816871512,53.80101718406296,0.03458755420739364,1.0,1.0,1.0
FT-199,1223.794329633322,1223.8477891740072,1223.7328858293467,0.0320895105058515,1273.4466422499067,1280.9673685186042,1276.269530388491,1270.7744681742668,1268.557216980878,1.2870284782640955,9.343306839671364,70.41284694232972,0.03293711247700206,1.0,1.0,0.9615384615384616
FT-247,1210.8237284316058,1210.891724017278,1210.7669821389634,0.0351758775228439,886.0371926968076,894.1140489578265,889.3313556931638,883.5432505380602,881.398349761962,1.3360069536514618,9.259623944351375,79.95129226613655,0.032076213952453185,1.0,1.0,1.0
FT-091,1251.314808260303,1251.384541992356,1251.24725487946,0.0341748074286253,1251.9082930023933,1258.873232105109,1254.3394561869425,1249.2792991497554,1243.48779943925,1.2740584064472709,2.292798588367786,91.7158513703656,0.031522596184416427,1.0,1.0,1.0
FT-014,843.583190546885,843.630050243499,843.5406553510771,0.0244139600441625,963.0868614775412,982.5703484671496,965.7982037305084,960.5184649981504,948.7611850277426,1.2901121418075123,0.8147888250768888,45.406332308703874,0.0314140461611533,1.0,1.0,1.0
FT-053,1097.723992703951,1097.786081052441,1097.6690565594126,0.0319027810183028,1176.67239430599,1190.5241737784906,1178.8370264710347,1174.3201926093266,1163.6889744852956,1.0738120033017726,1.1174841345390067,47.579823213539754,0.030514131631914673,1.0,1.0,1.0
FT-220,1098.2292261588002,1098.2904734059596,1098.173907533108,0.0325171901432204,1176.4712324222012,1189.1500946783274,1178.6797381441168,1173.8919929822691,1163.494515572824,1.1867773561182018,1.4375473950265667,53.74466319561524,0.029449521456096077,1.0,1.0,1.0
FT-197,1230.809519318578,1230.877912747094,1230.7412762209678,0.0353371808666718,1266.2292769123917,1275.864038013278,1268.9682879036254,1263.3943549090618,1256.566223871141,1.2845018900553564,7.655739783737897,68.82396650387822,0.02868434748328633,1.0,1.0,1.0
FT-083,1224.8042649657891,1224.876041896912,1224.7402364071952,0.0346338316722824,1299.2791674223463,1319.7385787963844,1301.3711060851224,1296.826881389742,1284.575736753402,1.191957931979993,0.9387053077240736,74.89612348491377,0.02703629540990472,1.0,1.0,1.0
FT-025,843.080105891697,843.1277631649815,843.0381621542712,0.0247628776573223,963.2439588234024,988.1751993200248,965.7639074749648,960.7361998439518,947.918078663588,1.3047236827776925,0.6772557925558386,43.36330516367071,0.02597129107956502,1.0,1.0,1.0
FT-043,1005.172041771252,1005.2308196005796,1005.1142487241556,0.029859711948434,1156.3855354906916,1177.111414619113,1158.8826604052406,1153.7486667864507,1140.2857042395556,1.3065927903911043,0.5875358056943721,21.77710832364355,0.024799278349789938,1.0,1.0,1.0
FT-079,1077.2093617269695,1077.2780627278853,1077.1457095383691,0.033821129808481,1186.4594094558372,1193.3994246262791,1189.5073639083237,1183.6673357354396,1179.0351316011868,1.4609631651882211,7.373143665116521,54.36531440694823,0.02466305772115804,1.0,0.8846153846153846,0.6923076923076923
FT-071,1150.7515985354444,1150.8216637168111,1150.6946579570076,0.0329001027792091,1279.6007579597722,1289.9491491550348,1281.8612304005794,1276.882566964393,1271.0001140687532,1.1438663349396818,2.2355618322495436,49.6206852302939,0.023567621766316386,1.0,1.0,1.0
FT-052,1069.2070748658969,1069.267262316396,1069.1527914655323,0.0310318689959965,1173.5811959662594,1189.0482915242503,1175.8907247598563,1171.315212620077,1163.561102549235,1.1500091708878202,0.8958715933481383,53.51914262179493,0.022743919578071477,1.0,1.0,1.0
FT-038,1025.690862799387,1025.7477618544551,1025.6366460844254,0.030538553488754,1107.23462155222,1121.1202767189984,1109.9813621005935,1104.387069581245,1102.96307424481,1.4209852699776997,1.4649347014868934,35.31808155470294,0.02263285053332497,1.0,1.0,1.0
FT-064,1149.7500936653876,1149.8156497776845,1149.6911692399551,0.0334466553795423,1245.272856166862,1264.3367644279238,1247.3079307712103,1242.858343825742,1228.9963999102197,1.170869750896996,0.6679847372948823,47.00358819834632,0.022533054862651204,1.0,1.0,1.0
FT-182,1026.1932694786867,1026.2519200407537,1026.1381214922203,0.0299624324206606,1095.4661545958722,1104.191831524452,1098.1953511608233,1092.7190611696617,1082.1188748820443,1.2733034739127342,0.8725444270127256,63.383682160815134,0.02066949807347202,1.0,1.0,1.0
FT-112,1295.833757739158,1295.9055910747572,1295.7695076366322,0.0377600808592019,1284.7258569724574,1295.3360296396097,1286.8981919328824,1282.3580923089296,1272.7005949753996,1.0657237935960988,2.5877322733041384,84.06682194564775,0.01969115561765453,1.0,1.0,1.0
FT-229,975.1420796493152,975.19513630601,975.0878433330068,0.0290253234446013,1174.724661855747,1190.7307771536025,1177.058293531887,1172.2284839034685,1160.82065582275,1.228760315355733,0.8639059260700235,86.96488917940344,0.019422653542480614,1.0,1.0,1.0
FT-051,1069.2050570468462,1069.267470109953,1069.1500824304103,0.0309242309640597,1157.7638325982018,1163.3854165077216,1160.088364981479,1155.2213391757566,1149.20816373825,1.1956236333629695,2.968458034381032,74.61979437584634,0.01911627218671784,1.0,1.0,1.0
FT-067,1150.251969729645,1150.3180018976263,1150.192989410226,0.0337478169990694,1245.3086840060384,1265.5461034467148,1247.4885199904472,1242.940885817954,1227.8460459555374,1.1741079896181184,0.6510180348850511,45.67117435943148,0.018843090132609607,1.0,1.0,1.0
FT-129,1559.499840726536,1559.591193601963,1559.4186670548086,0.044603153211056,1455.3698325798234,1469.8877197763204,1457.3428571525346,1453.1341868624918,1441.7818338974682,1.0536807743373076,11.257137985069145,74.36913238738909,0.017426040130094245,0.9629629629629629,1.0,0.9230769230769231
FT-060,1251.815294797806,1251.8928041654049,1251.7555207167077,0.038755507110193,1252.0156980757831,1259.4881563062756,1254.194200130937,1249.5033644892535,1243.0116841700158,1.2070818965472034,1.5107410584483687,60.13558428856377,0.016296945788594638,1.0,1.0,1.0
FT-147,1633.0436758967032,1633.1441146353052,1632.9696891058245,0.0449364037120985,1455.2477318872882,1465.6225339104108,1456.8264409502044,1453.1028637962902,1445.261146881999,0.9790647979449134,16.082194593691025,69.45877446873682,0.015198229118215422,0.9629629629629629,1.0,0.8846153846153846
FT-250,1069.708344315076,1069.774287255223,1069.649218122904,0.030644853390045,1173.681223284433,1187.769702729723,1175.700209664516,1171.3635911074043,1163.6172158377544,1.1401411506553842,1.2769782299719217,66.76670620943852,0.014378060749129918,1.0,1.0,1.0
FT-032,923.6242483918668,923.6775548079564,923.5784299297836,0.0272164472860657,1071.5163479969956,1096.3162617107012,1074.3064281661898,1068.7524562678664,1064.6716237330195,1.3373505220465651,0.6787618519655778,56.306671203895405,0.014269629051307632,1.0,1.0,1.0
FT-100,1222.7890111601405,1222.8592513192573,1222.7275498290628,0.0358995751017506,1257.9887283196858,1272.9182917572732,1259.965824885959,1255.53693243177,1245.8706452125716,1.2070912617475065,0.672141681240248,62.041477228814045,0.014055714472432066,1.0,1.0,1.0
FT-097,1221.7827177901245,1221.8524106055202,1221.7169620344262,0.0354785929041419,1303.3882126599997,1325.25220737901,1305.5225406711747,1300.5926303818032,1288.0357986272763,1.3854620585509168,9.640816327121616,82.31242092632478,0.013936893196274938,1.0,1.0,1.0
FT-018,1372.9191123009864,1372.997683690058,1372.8485441828032,0.0401136096641405,980.422438027575,998.3599555885412,983.254920699392,977.8447214040514,967.5379132700484,1.3146068155169774,2.3249055569456876,60.21722912743191,0.011718856513793383,1.0,1.0,1.0
FT-225,1077.7143327045933,1077.774000301872,1077.655267159494,0.0311261598865204,1186.9637374633428,1193.886183441663,1190.5084643354585,1183.6865880769894,1179.1995339315472,1.6444793093376109,5.440950778317246,45.37151796370914,0.010869477984076375,1.0,1.0,0.7692307692307693
FT-193,1068.7043278235449,1068.7687486413256,1068.6522719222885,0.0303495491247058,1173.5611587867572,1188.1107673645054,1175.798036250536,1171.238443259308,1163.5870780944826,1.073615958423335,0.8594308456146119,52.76703718971343,0.0104108853815825,1.0,1.0,1.0
FT-094,1221.278586377492,1221.3500894868318,1221.2143035851589,0.0353492358973952,1303.4817365710865,1321.727132797243,1305.6325974876218,1300.8830375216428,1288.7102018083829,1.2677084949312982,10.134558447812545,83.48889321714843,0.010072948392572561,1.0,1.0,1.0
FT-085,1224.2975971419808,1224.3676798771355,1224.2360970656302,0.0338887890806766,1299.5622354883926,1326.7008043924968,1301.6533649016435,1297.2715763988908,1284.4157231648746,1.108347628423208,0.7382492558771041,94.98412317959097,0.008255707989976152,1.0,1.0,1.0
FT-050,1004.669623849698,1004.7279192531678,1004.6184698161242,0.0294407585087183,1156.3925786840523,1179.3259458956536,1158.8210746310124,1153.76426801242,1138.7118691983476,1.295796204185867,0.6992222827546164,27.98556458328885,0.007047073238482295,1.0,1.0,1.0
FT-033,924.6276314779026,924.6807686357288,924.5813200631654,0.0267202128252625,1057.7246344641724,1064.7632179679465,1060.2593047973908,1055.5224966533283,1045.0483313759592,1.245241008611443,0.7886068878136628,50.312492012460694,0.006935820110094176,1.0,1.0,1.0
FT-188,931.123316275561,931.1738081023892,931.07426737904,0.0254915780131796,1102.1879690833632,1107.124431889231,1104.963450062722,1099.1332192776542,1093.916465014947,1.3268034181666346,5.3030335758163405,23.44006331941076,0.006646007063956301,1.0,0.9230769230769231,1.0
FT-074,1178.7694962544108,1178.8389828026638,1178.7095364682805,0.0346786304486905,1244.8608776216845,1262.696978661322,1247.2705609836569,1242.3019230957232,1231.0310019216245,1.2087826948352671,0.762031442883825,72.09779599139009,0.005910510184199673,1.0,1.0,1.0
FT-110,1397.397689304656,1397.4807202889865,1397.32751164411,0.0396415334606327,1341.878177208506,1358.4040985107413,1343.935126354734,1339.536640575101,1327.251101175941,1.0627275704614252,5.321737030855093,90.01288407911613,0.005726359669822073,1.0,1.0,1.0
FT-088,1223.7937689750972,1223.8660708013226,1223.731097431243,0.0355204882343369,1299.7601011100369,1336.2607719587245,1301.8750860839802,1297.2461217844962,1283.6113158516257,1.136548855459982,0.6526810435445266,95.25690769739784,0.005432399098325407,1.0,1.0,1.0
FT-041,1025.1883020825835,1025.2470030177271,1025.1352405717655,0.0297741950913376,1095.323555128769,1102.8408436153272,1098.0563633672148,1092.842493768012,1078.72885869897,1.2868239953887035,0.6973234710673202,58.88945209419874,0.0045013260945815925,1.0,1.0,1.0
FT-070,1150.753810446541,1150.8205810906825,1150.695729566452,0.0333514671345906,1245.2881515322938,1263.9656129090667,1247.3943959348544,1242.8015662893758,1229.169060665631,1.1577912518482407,0.599540128684854,41.068038534937465,0.0031851844291985853,1.0,1.0,1.0
FT-062,1078.713769906068,1078.77689772975,1078.6606048411224,0.0306502872948344,1212.1759527027516,1230.5396418417658,1214.4559206074891,1209.787676317876,1197.3987579345717,1.2388468855173635,0.7174697106905237,81.96244382034482,0.0031422879395869184,1.0,1.0,1.0
FT-194,1106.736189796707,1106.8013071714472,1106.6793317132142,0.0322864849836996,1180.3607794138811,1194.835010057088,1183.154158165373,1177.6877652976746,1167.7071170592574,1.3268503508308518,1.032432076090108,94.0878378460449,0.002758094318336525,1.0,1.0,1.0
FT-059,1223.7919594716086,1223.8635611861732,1223.7311229497138,0.0347144077413259,1257.9046668683316,1269.0074929226648,1259.707712335104,1255.611618909438,1246.198078112655,1.0683033401089197,0.7929267791939114,65.98657193026114,0.0018044570003612533,1.0,1.0,1.0
FT-058,1078.208562682587,1078.2724700812462,1078.1553836436535,0.0307902558921655,1212.3710107648494,1237.6268490501072,1214.7245810620668,1210.068312567409,1196.383045030678,1.193813684743503,0.5599449634330129,78.23615635734613,0.001388735550872927,1.0,1.0,1.0
FT-114,1151.256806499619,1151.3231198517683,1151.2053092518372,0.0333565268257377,1245.2813146104488,1261.8825232464346,1247.5078771979656,1242.7542043970964,1230.7061763431725,1.1684670730987647,0.6834578261855573,40.69253774171279,0.0008424724290067049,1.0,1.0,1.0
FT-104,1222.2864765177096,1222.3567526513016,1222.2240203008816,0.0349509373536697,1258.1864030459938,1275.171996525355,1260.155835858117,1255.5775495992905,1245.5816309792672,1.2015301710468655,0.6982961390741302,54.78657045564728,0.0007845522010568301,1.0,1.0,1.0
FT-055,1105.7327676680493,1105.7968689408365,1105.676441948791,0.0323388959277148,1180.3586166880116,1197.1622159404142,1183.040199087054,1177.5454495086724,1165.815387848887,1.3546287736842515,0.8113567814288729,88.05923362436263,0.0006590724847644479,1.0,1.0,1.0
FT-076,1076.70024884105,1076.7625959678255,1076.6463274354337,0.0309426276442148,1212.7298144435597,1251.1490926434903,1215.2321951852618,1209.9909453942582,1194.3964262931574,1.275060245925924,0.44525761885051396,79.67689236500266,0.0004401639293440224,1.0,1.0,1.0
FT-036,924.1258325459404,924.1798853197248,924.080169273414,0.0264606354907274,1071.4321892574976,1092.4735550258451,1073.9285036159004,1068.937950833161,1064.7293012038544,1.2463305407572942,0.8590016706970465,60.83277434963268,0.00028022954350950254,1.0,1.0,1.0
FT-080,1077.2019763854523,1077.2646319544158,1077.148303148349,0.0310974533514366,1212.614388815364,1250.3539242951745,1214.840334866664,1209.9427795653692,1195.7557470902184,1.2170096262148369,0.5357507414796991,93.65214963352318,0.00015200840881727612,1.0,1.0,1.0
FT-037,1025.6898265569414,1025.748006596175,1025.6372240551368,0.0299180645632153,1095.46453629439,1103.265474153602,1098.0912759786563,1092.8921077109414,1081.8746330427098,1.3060567861598344,0.670225336231394,53.31367448712769,9.068421934113345e-05,1.0,1.0,1.0
FT-054,1106.2349666883931,1106.2984588554452,1106.1774103781204,0.0320626708743715,1180.403233758563,1196.6204858595336,1183.2722565479864,1177.6164536741317,1165.9355028214,1.351917574115685,1.0274316639924084,98.97521338782158,6.708804039471457e-05,1.0,1.0,1.0
FT-046,1004.1671268211272,1004.2261217749128,1004.1153691754812,0.0293680548858246,1156.358765017695,1178.0238250061675,1158.835709078045,1153.6774251130128,1138.0932935777616,1.2480085387190163,0.541816536426411,22.079374499340584,4.426790550232427e-05,1.0,1.0,1.0
FT-221,1005.6756059707232,1005.7351871901508,1005.6206808174506,0.0294205207121462,1156.2008704897985,1172.2008562088015,1158.7916354985457,1153.40959517587,1141.539906588467,1.314394711507909,1.1254503503633273,36.22871229459844,3.7068569629277785e-06,1.0,1.0,1.0
FT-140,1223.2883799925703,1223.3621200936468,1223.2287480892585,0.0350061702112344,1257.8617538028573,1269.8666980654696,1259.7405650826165,1255.3353370369402,1245.8577879085085,1.1917479948660925,0.742941049855394,69.4529310651566,2.062073640231596e-06,1.0,1.0,1.0
